2026-10-05T03:24:20-04:00	https://cdn.tse.jus.br/estatistica/sead/eleicoes/eleicoes2022/buweb/bweb_1t_AC_051020221321.zip	6125666	2125
2026-10-05T03:24:20-04:00	https://cdn.tse.jus.br/estatistica/sead/eleicoes/eleicoes2022/buweb/bweb_1t_AL_051020221321.zip	15222584	6627
2026-10-05T03:24:22-04:00	https://cdn.tse.jus.br/estatistica/sead/eleicoes/eleicoes2022/buweb/bweb_1t_DF_051020221321.zip	27597689	6749
2026-10-05T03:24:23-04:00	https://cdn.tse.jus.br/estatistica/sead/eleicoes/eleicoes2022/buweb/bweb_1t_ES_051020221321.zip	25757607	9240
2026-10-05T03:24:20-04:00	https://cdn.tse.jus.br/estatistica/sead/eleicoes/eleicoes2022/buweb/bweb_1t_CE_051020221321.zip	52916380	22797
2026-10-05T03:24:20-04:00	https://cdn.tse.jus.br/estatistica/sead/eleicoes/eleicoes2022/buweb/bweb_1t_BA_051020221321.zip	87291644	34425
2026-10-05T03:24:26-04:00	https://cdn.tse.jus.br/estatistica/sead/eleicoes/eleicoes2022/buweb/bweb_1t_MA_051020221321.zip	36578532	16424
2026-10-05T03:24:25-04:00	https://cdn.tse.jus.br/estatistica/sead/eleicoes/eleicoes2022/buweb/bweb_1t_GO_051020221321.zip	46400104	14621
2026-10-05T03:24:30-04:00	https://cdn.tse.jus.br/estatistica/sead/eleicoes/eleicoes2022/buweb/bweb_1t_MS_051020221321.zip	18973011	6913
2026-10-05T03:24:30-04:00	https://cdn.tse.jus.br/estatistica/sead/eleicoes/eleicoes2022/buweb/bweb_1t_MT_051020221321.zip	17735163	7653
2026-10-05T03:24:20-04:00	https://cdn.tse.jus.br/estatistica/sead/eleicoes/eleicoes2022/buweb/bweb_1t_AP_051020221321.zip	6436152	1741
2026-10-05T03:24:32-04:00	https://cdn.tse.jus.br/estatistica/sead/eleicoes/eleicoes2022/buweb/bweb_1t_PB_051020221321.zip	22035297	9603
2026-10-05T03:24:31-04:00	https://cdn.tse.jus.br/estatistica/sead/eleicoes/eleicoes2022/buweb/bweb_1t_PA_051020221321.zip	45665057	18236
2026-10-05T03:24:33-04:00	https://cdn.tse.jus.br/estatistica/sead/eleicoes/eleicoes2022/buweb/bweb_1t_PE_051020221321.zip	58455957	20573
2026-10-05T03:24:39-04:00	https://cdn.tse.jus.br/estatistica/sead/eleicoes/eleicoes2022/buweb/bweb_1t_RN_051020221321.zip	18274320	7675
2026-10-05T03:24:27-04:00	https://cdn.tse.jus.br/estatistica/sead/eleicoes/eleicoes2022/buweb/bweb_1t_MG_051020221321.zip	140857575	49982
2026-10-05T03:24:35-04:00	https://cdn.tse.jus.br/estatistica/sead/eleicoes/eleicoes2022/buweb/bweb_1t_PR_051020221321.zip	74642306	25722
2026-10-05T03:24:41-04:00	https://cdn.tse.jus.br/estatistica/sead/eleicoes/eleicoes2022/buweb/bweb_1t_RO_051020221321.zip	11353207	4199
2026-10-05T03:24:42-04:00	https://cdn.tse.jus.br/estatistica/sead/eleicoes/eleicoes2022/buweb/bweb_1t_RR_051020221321.zip	4571547	1269
2026-10-05T03:24:44-04:00	https://cdn.tse.jus.br/estatistica/sead/eleicoes/eleicoes2022/buweb/bweb_1t_SE_051020221321.zip	13823584	5499
2026-10-05T03:24:43-04:00	https://cdn.tse.jus.br/estatistica/sead/eleicoes/eleicoes2022/buweb/bweb_1t_SC_051020221321.zip	45911156	16243
2026-10-05T03:24:43-04:00	https://cdn.tse.jus.br/estatistica/sead/eleicoes/eleicoes2022/buweb/bweb_1t_RS_051020221321.zip	79844060	27202
2026-10-05T03:24:51-04:00	https://cdn.tse.jus.br/estatistica/sead/eleicoes/eleicoes2022/buweb/bweb_1t_ZZ_051020221321.zip	503717	1019
2026-10-05T03:24:37-04:00	https://cdn.tse.jus.br/estatistica/sead/eleicoes/eleicoes2022/buweb/bweb_1t_RJ_051020221321.zip	148585987	34069
2026-10-05T03:24:20-04:00	https://cdn.tse.jus.br/estatistica/sead/eleicoes/eleicoes2022/buweb/bweb_1t_AM_051020221321.zip	22350241	7454
2026-10-05T03:24:34-04:00	https://cdn.tse.jus.br/estatistica/sead/eleicoes/eleicoes2022/buweb/bweb_1t_PI_051020221321.zip	16343646	8964
2026-10-05T03:24:48-04:00	https://cdn.tse.jus.br/estatistica/sead/eleicoes/eleicoes2022/buweb/bweb_1t_TO_051020221321.zip	9257360	3958
2026-10-05T03:24:46-04:00	https://cdn.tse.jus.br/estatistica/sead/eleicoes/eleicoes2022/buweb/bweb_1t_SP_051020221321.zip	404292177	101074
