2026-10-05T03:22:28-04:00	https://resultados.tse.jus.br/oficial/ele2026/6257/dados/ac/ac-c0001-e006257-u.json	200	9148
2026-10-05T03:22:28-04:00	https://resultados.tse.jus.br/oficial/ele2026/6257/dados/al/al-c0001-e006257-u.json	200	9179
2026-10-05T03:22:29-04:00	https://resultados.tse.jus.br/oficial/ele2026/6257/dados/ap/ap-c0001-e006257-u.json	200	9149
2026-10-05T03:22:29-04:00	https://resultados.tse.jus.br/oficial/ele2026/6257/dados/am/am-c0001-e006257-u.json	200	9184
2026-10-05T03:22:30-04:00	https://resultados.tse.jus.br/oficial/ele2026/6257/dados/ba/ba-c0001-e006257-u.json	200	9220
2026-10-05T03:22:31-04:00	https://resultados.tse.jus.br/oficial/ele2026/6257/dados/ce/ce-c0001-e006257-u.json	200	9210
2026-10-05T03:22:31-04:00	https://resultados.tse.jus.br/oficial/ele2026/6257/dados/df/df-c0001-e006257-u.json	200	9179
2026-10-05T03:22:32-04:00	https://resultados.tse.jus.br/oficial/ele2026/6257/dados/es/es-c0001-e006257-u.json	200	9183
2026-10-05T03:22:32-04:00	https://resultados.tse.jus.br/oficial/ele2026/6257/dados/go/go-c0001-e006257-u.json	200	9198
2026-10-05T03:22:32-04:00	https://resultados.tse.jus.br/oficial/ele2026/6257/dados/ma/ma-c0001-e006257-u.json	200	9198
2026-10-05T03:22:33-04:00	https://resultados.tse.jus.br/oficial/ele2026/6257/dados/mt/mt-c0001-e006257-u.json	200	9185
2026-10-05T03:22:33-04:00	https://resultados.tse.jus.br/oficial/ele2026/6257/dados/ms/ms-c0001-e006257-u.json	200	9179
2026-10-05T03:22:34-04:00	https://resultados.tse.jus.br/oficial/ele2026/6257/dados/mg/mg-c0001-e006257-u.json	200	9237
2026-10-05T03:22:34-04:00	https://resultados.tse.jus.br/oficial/ele2026/6257/dados/pa/pa-c0001-e006257-u.json	200	9206
2026-10-05T03:22:35-04:00	https://resultados.tse.jus.br/oficial/ele2026/6257/dados/pb/pb-c0001-e006257-u.json	200	9190
2026-10-05T03:22:35-04:00	https://resultados.tse.jus.br/oficial/ele2026/6257/dados/pr/pr-c0001-e006257-u.json	200	9219
2026-10-05T03:22:36-04:00	https://resultados.tse.jus.br/oficial/ele2026/6257/dados/pe/pe-c0001-e006257-u.json	200	9204
2026-10-05T03:22:36-04:00	https://resultados.tse.jus.br/oficial/ele2026/6257/dados/pi/pi-c0001-e006257-u.json	200	9188
2026-10-05T03:22:37-04:00	https://resultados.tse.jus.br/oficial/ele2026/6257/dados/rj/rj-c0001-e006257-u.json	200	9232
2026-10-05T03:22:37-04:00	https://resultados.tse.jus.br/oficial/ele2026/6257/dados/rn/rn-c0001-e006257-u.json	200	9184
2026-10-05T03:22:38-04:00	https://resultados.tse.jus.br/oficial/ele2026/6257/dados/rs/rs-c0001-e006257-u.json	200	9222
2026-10-05T03:22:38-04:00	https://resultados.tse.jus.br/oficial/ele2026/6257/dados/ro/ro-c0001-e006257-u.json	200	9164
2026-10-05T03:22:38-04:00	https://resultados.tse.jus.br/oficial/ele2026/6257/dados/rr/rr-c0001-e006257-u.json	200	9132
2026-10-05T03:22:39-04:00	https://resultados.tse.jus.br/oficial/ele2026/6257/dados/sc/sc-c0001-e006257-u.json	200	9210
2026-10-05T03:22:39-04:00	https://resultados.tse.jus.br/oficial/ele2026/6257/dados/sp/sp-c0001-e006257-u.json	200	9251
2026-10-05T03:22:40-04:00	https://resultados.tse.jus.br/oficial/ele2026/6257/dados/se/se-c0001-e006257-u.json	200	9176
2026-10-05T03:22:40-04:00	https://resultados.tse.jus.br/oficial/ele2026/6257/dados/to/to-c0001-e006257-u.json	200	9161
2026-10-05T03:22:41-04:00	https://resultados.tse.jus.br/oficial/ele2026/6257/dados/zz/zz-c0001-e006257-u.json	200	9196
2026-10-05T03:22:41-04:00	https://resultados.tse.jus.br/oficial/ele2026/6257/dados/br/br-c0001-e006257-u.json	200	9204
2026-10-05T03:22:41-04:00	https://resultados.tse.jus.br/oficial/ele2026/6257/dados/br/br-e006257-ab.json	200
2026-10-05T03:25:39-04:00	https://resultados.tse.jus.br/oficial/ele2026/6257/config/mun-e006257-cm.json	200
2026-10-05T03:25:43-04:00..2026-10-05T03:30:19-04:00	https://resultados.tse.jus.br/oficial/ele2026/6257/dados/<uf>/<uf><cdmun>-c0001-e006257-u.json for all 5757 municipalities in config/mun-e006257-cm.json	200 (5757 files)
